{
  "Profiles": [
    {
      "Use Non-ASCII Font": false,
      "Tags": ["Dynamic"],
      "Ansi 12 Color": {
        "Red Component": 0.092801079154014587,
        "Color Space": "Calibrated",
        "Blue Component": 0.8550257682800293,
        "Alpha Component": 1,
        "Green Component": 0.47093504667282099
      },
      "Ansi 7 Color": {
        "Red Component": 1,
        "Color Space": "sRGB",
        "Blue Component": 1,
        "Alpha Component": 1,
        "Green Component": 1
      },
      "Ansi 8 Color": {
        "Red Component": 0,
        "Color Space": "sRGB",
        "Blue Component": 0.16470588235294117,
        "Alpha Component": 1,
        "Green Component": 0.11764705882352941
      },
      "Bold Color": {
        "Red Component": 0.57646560668945312,
        "Color Space": "Calibrated",
        "Blue Component": 0.79642432928085327,
        "Alpha Component": 1,
        "Green Component": 0.80075311660766602
      },
      "Ansi 9 Color": {
        "Green Component": 0.21325300633907321,
        "Red Component": 0.74176257848739624,
        "Blue Component": 0.073530435562133789
      },
      "Ansi 1 Color": {
        "Green Component": 0.10840655118227011,
        "Red Component": 0.81926977634429932,
        "Blue Component": 0.1414571404457092
      },
      "Ansi 5 Color": {
        "Green Component": 0.10802463442087171,
        "Red Component": 0.77738940715789795,
        "Blue Component": 0.43516635894775391
      },
      "Rows": 25,
      "Default Bookmark": "No",
      "Cursor Guide Color": {
        "Red Component": 0.70213186740875244,
        "Color Space": "sRGB",
        "Blue Component": 1,
        "Alpha Component": 0.078431372549019607,
        "Green Component": 0.9268307089805603
      },
      "Non-ASCII Anti Aliased": true,
      "Use Bright Bold": true,
      "Ansi 10 Color": {
        "Red Component": 0.62378913164138794,
        "Color Space": "Calibrated",
        "Blue Component": 0.038516540080308907,
        "Alpha Component": 1,
        "Green Component": 0.75124913454055786
      },
      "Use Cursor Guide": true,
      "Ambiguous Double Width": false,
      "Jobs to Ignore": ["rlogin", "ssh", "slogin", "telnet"],
      "Show Status Bar": true,
      "Ansi 15 Color": {
        "Red Component": 1,
        "Color Space": "sRGB",
        "Blue Component": 1,
        "Alpha Component": 1,
        "Green Component": 1
      },
      "Foreground Color": {
        "Red Component": 0.922119140625,
        "Color Space": "sRGB",
        "Blue Component": 0.89205064997076988,
        "Alpha Component": 1,
        "Green Component": 0.89205064997076988
      },
      "Working Directory": "/Users/carlosbaraza",
      "Use Tab Color": false,
      "Blinking Cursor": false,
      "Disable Window Resizing": true,
      "Sync Title": false,
      "Prompt Before Closing 2": false,
      "BM Growl": true,
      "Command": "",
      "Description": "Default",
      "Smart Cursor Color": false,
      "Dynamic Profile Filename": "/Users/carlosbaraza/Library/Application Support/iTerm2/DynamicProfiles/profiles.json",
      "Screen": -1,
      "Selection Color": {
        "Red Component": 0,
        "Color Space": "sRGB",
        "Blue Component": 1,
        "Alpha Component": 1,
        "Green Component": 0.81385448310828057
      },
      "Mouse Reporting": true,
      "Columns": 80,
      "Idle Code": 0,
      "Ansi 13 Color": {
        "Green Component": 0.33896297216415411,
        "Red Component": 0.34798634052276611,
        "Blue Component": 0.72908437252044678
      },
      "Custom Command": "No",
      "ASCII Anti Aliased": true,
      "Non Ascii Font": "RobotoMonoForPowerline-Regular 12",
      "Vertical Spacing": 1,
      "Use Bold Font": true,
      "Option Key Sends": 0,
      "Selected Text Color": {
        "Red Component": 0,
        "Color Space": "sRGB",
        "Blue Component": 0.16470588235294117,
        "Alpha Component": 1,
        "Green Component": 0.11764705882352941
      },
      "Background Color": {
        "Red Component": 0,
        "Color Space": "sRGB",
        "Blue Component": 0.16741943359375,
        "Alpha Component": 1,
        "Green Component": 0.12076189368963242
      },
      "Character Encoding": 4,
      "Ansi 11 Color": {
        "Red Component": 0.80323439836502075,
        "Color Space": "Calibrated",
        "Blue Component": 0.03394583985209465,
        "Alpha Component": 1,
        "Green Component": 0.57799136638641357
      },
      "Use Italic Font": true,
      "Unlimited Scrollback": true,
      "Keyboard Map": {
        "0x5e-0x60000": {
          "Text": "0x1e",
          "Action": 11
        },
        "0xf702-0x280000": {
          "Text": "b",
          "Action": 10
        },
        "0xf702-0x260000": {
          "Text": "0x1b 0x1b 0x5b 0x44",
          "Action": 11
        },
        "0xf703-0x280000": {
          "Text": "f",
          "Action": 10
        },
        "0xf70a-0x20000": {
          "Text": "[28~",
          "Action": 10
        },
        "0xf703-0x260000": {
          "Text": "[C",
          "Action": 10
        },
        "0xf702-0x220000": {
          "Text": "[D",
          "Action": 10
        },
        "0xf703-0x240000": {
          "Text": "[5C",
          "Action": 10
        },
        "0xf702-0x240000": {
          "Text": "[5D",
          "Action": 10
        },
        "0xf703-0x220000": {
          "Text": "[C",
          "Action": 10
        },
        "0xf700-0x280000": {
          "Text": "[A",
          "Action": 10
        },
        "0xf72b-0x20000": {
          "Text": "[F",
          "Action": 10
        },
        "0xf700-0x260000": {
          "Text": "[A",
          "Action": 10
        },
        "0xf701-0x280000": {
          "Text": "[B",
          "Action": 10
        },
        "0xf700-0x240000": {
          "Text": "[A",
          "Action": 10
        },
        "0xf701-0x260000": {
          "Text": "[B",
          "Action": 10
        },
        "0xf700-0x220000": {
          "Text": "[A",
          "Action": 10
        },
        "0xf701-0x240000": {
          "Text": "[B",
          "Action": 10
        },
        "0xf72b-0x40000": {
          "Text": "",
          "Action": 4
        },
        "0xf708-0x20000": {
          "Text": "[25~",
          "Action": 10
        },
        "0xf701-0x220000": {
          "Text": "[B",
          "Action": 10
        },
        "0x2d-0x40000": {
          "Text": "0x1f",
          "Action": 11
        },
        "0xf70b-0x20000": {
          "Text": "[29~",
          "Action": 10
        },
        "0xf709-0x20000": {
          "Text": "[26~",
          "Action": 10
        },
        "0xf729-0x20000": {
          "Text": "[H",
          "Action": 10
        },
        "0xf729-0x40000": {
          "Text": "",
          "Action": 5
        }
      },
      "Window Type": 0,
      "Use HFS Plus Mapping": false,
      "Cursor Boost": 0,
      "Background Image Location": "",
      "Blur": false,
      "Badge Color": {
        "Red Component": 1,
        "Color Space": "Calibrated",
        "Blue Component": 0,
        "Alpha Component": 0.5,
        "Green Component": 0
      },
      "Scrollback Lines": 0,
      "Send Code When Idle": false,
      "Close Sessions On End": true,
      "Terminal Type": "xterm-256color",
      "Visual Bell": true,
      "Flashing Bell": false,
      "Status Bar Layout": {
        "components": [
          {
            "class": "iTermStatusBarJobComponent",
            "configuration": {
              "knobs": {
                "base: priority": 5,
                "minwidth": 0,
                "base: compression resistance": 1,
                "maxwidth": 1.7976931348623157e308
              },
              "layout advanced configuration dictionary value": {
                "font": ".AppleSystemUIFont 12",